name,disease,scientific_name,vernacular_name,parts,quantity,type,preparation,use,contraindications,medical_recommendations,source,country
DY-07F-achmille-IT,Dysmenorrhea,Achillea millefolium,Yarrow (EN); Achillea millefoglie (IT);,Flowers,15 g,infusion,Prepare an infusion using a ratio of 1 teaspoon of the mixture per cup,Drink two cups per day,,,"Erbe e Salute, AA.VV., Paolo&Giuseppe Rossi Editori, 1980",Italy
DY-07F-achmille-IT,Dysmenorrhea,Artemisia absinthium,Assenzio (IT);,Flowering tops,15 g,infusion,Prepare an infusion using a ratio of 1 teaspoon of the mixture per cup,Drink two cups per day,,,"Erbe e Salute, AA.VV., Paolo&Giuseppe Rossi Editori, 1980",Italy
DY-07F-achmille-IT,Dysmenorrhea,Capsella bursa-pastoris,Shepherd's Purse (EN); Borsa del Pastore (IT);,Plant,15 g,infusion,Prepare an infusion using a ratio of 1 teaspoon of the mixture per cup,Drink two cups per day,,,"Erbe e Salute, AA.VV., Paolo&Giuseppe Rossi Editori, 1980",Italy
DY-07F-achmille-IT,Dysmenorrhea,Calendula officinalis,Pot Marigold (EN); Calendula (IT);,Flowers,15 g,infusion,Prepare an infusion using a ratio of 1 teaspoon of the mixture per cup,Drink two cups per day,,,"Erbe e Salute, AA.VV., Paolo&Giuseppe Rossi Editori, 1980",Italy
DY-07F-achmille-IT,Dysmenorrhea,Humulus lupulus,Hop (EN); Luppolo (IT);,Flowers,10 g,infusion,Prepare an infusion using a ratio of 1 teaspoon of the mixture per cup,Drink two cups per day,,,"Erbe e Salute, AA.VV., Paolo&Giuseppe Rossi Editori, 1980",Italy
DY-07F-achmille-IT,Dysmenorrhea,Melissa officinalis,Lemon Balm (EN); Melissa (IT);,Leaves,15 g,infusion,Prepare an infusion using a ratio of 1 teaspoon of the mixture per cup,Drink two cups per day,,,"Erbe e Salute, AA.VV., Paolo&Giuseppe Rossi Editori, 1980",Italy
DY-07F-achmille-IT,Dysmenorrhea,Salvia officinalis,Sage (EN); Salvia (IT);,Leaves,15 g,infusion,Prepare an infusion using a ratio of 1 teaspoon of the mixture per cup,Drink two cups per day,,,"Erbe e Salute, AA.VV., Paolo&Giuseppe Rossi Editori, 1980",Italy
AM-01R-samnigra-IT,Amenorrhea        ,Sambucus nigra,Elderberry (EN); Ebolo (IT);,Roots,,not specified,,,,,Ferraro G. Botanica Popolare in Carpeneto d’Acqui. Archivio Per Lo Studio Delle Tradizioni Popolari. 1885;IV:165–189. ,Italy
ME-01L-apigrave-IT,Menorrhagia,Apium graveolens,Celery (EN); Sedano (IT);,Leaves,,decoction,,,,,"Ostermann V. La vita in Friuli. Usi, Costumi, Credenze, Pregiudizi e Superstizioni Popolari. Tipografia del Bianco Editore; Udine, Italy: 1894.",Italy
AM-01P-petcrisp-IT,Amenorrhea        ,Petroselinum crispum (Mill.),Parsley (EN); Prezzemolo (IT);,Plant,,infusion,,,,,"Bernoni D.G. Tradizioni Popolari Veneziane. Filippi Editore; Venezia, Italy: 1878. ",Italy
RC-07P-apigrave-IT,To regulate menstrual cycle,Apium graveolens,Celery (EN); Sedano (IT);,Plant (not specified),,decoction,,,,,"De Nino A. Usi e Costumi Abruzzesi. Tipografia G. Barbera; Firenze, Italy: 1891. ",Italy
RC-07P-apigrave-IT,To regulate menstrual cycle,Adiantum capillus-veneris,Capelvenere (IT); Southern maidenhair fern (EN);,Plant (not specified),,decoction,,,,,"De Nino A. Usi e Costumi Abruzzesi. Tipografia G. Barbera; Firenze, Italy: 1891. ",Italy
RC-07P-apigrave-IT,To regulate menstrual cycle,Matricaria chamomilla,Chamomile (EN); Camomilla volgare (IT);,Plant (not specified),,decoction,,,,,"De Nino A. Usi e Costumi Abruzzesi. Tipografia G. Barbera; Firenze, Italy: 1891. ",Italy
RC-07P-apigrave-IT,To regulate menstrual cycle,Malva sylvestris,Common mallow (EN); Malva (IT);,Plant (not specified),,decoction,,,,,"De Nino A. Usi e Costumi Abruzzesi. Tipografia G. Barbera; Firenze, Italy: 1891. ",Italy
RC-07P-apigrave-IT,To regulate menstrual cycle,Lactuca sativa,Lettuce (EN); Lattuga (IT);,Plant (not specified),,decoction,,,,,"De Nino A. Usi e Costumi Abruzzesi. Tipografia G. Barbera; Firenze, Italy: 1891. ",Italy
RC-07P-apigrave-IT,To regulate menstrual cycle,Cichorium intybus,Blue daisy (EN); Cicoria (IT);,Plant (not specified),,decoction,,,,,"De Nino A. Usi e Costumi Abruzzesi. Tipografia G. Barbera; Firenze, Italy: 1891. ",Italy
RC-07P-apigrave-IT,To regulate menstrual cycle,Foeniculum vulgare Mill.,Fennel (EN); Finocchio (IT);,Roots,,decoction,,,,,"De Nino A. Usi e Costumi Abruzzesi. Tipografia G. Barbera; Firenze, Italy: 1891. ",Italy
RC-04L-petcrisp-IT,To regulate menstrual cycle,Petroselinum crispum (Mill.),Parsley (EN); Prezzemolo (IT);,Roots,,decoction,,Drink fasting early in the morning,,,"De Nino A. Usi e Costumi Abruzzesi. Tipografia G. Barbera; Firenze, Italy: 1891. ",Italy
RC-04L-petcrisp-IT,To regulate menstrual cycle,Foeniculum vulgare Mill.,Fennel (EN); Finocchio (IT);,Leaves,,decoction,,Drink fasting early in the morning,,,"De Nino A. Usi e Costumi Abruzzesi. Tipografia G. Barbera; Firenze, Italy: 1891. ",Italy
RC-04L-petcrisp-IT,To regulate menstrual cycle,Malva sylvestris,Common mallow (EN); Malva (IT);,Leaves,,decoction,,Drink fasting early in the morning,,,"De Nino A. Usi e Costumi Abruzzesi. Tipografia G. Barbera; Firenze, Italy: 1891. ",Italy
RC-04L-petcrisp-IT,To regulate menstrual cycle,Matricaria chamomilla,Chamomile (EN); Camomilla volgare (IT);,Flowers,,decoction,,Drink fasting early in the morning,,,"De Nino A. Usi e Costumi Abruzzesi. Tipografia G. Barbera; Firenze, Italy: 1891. ",Italy
MT-01P-petcrisp-IT,Metrorrhagia,Petroselinum crispum (Mill.),Parsley (EN); Prezzemolo (IT);,Plant,,decoction,,,,,"Ostermann V. La vita in Friuli. Usi, Costumi, Credenze, Pregiudizi e Superstizioni Popolari. Tipografia del Bianco Editore; Udine, Italy: 1894.",Italy
AM-01S-pimanisu-IT,Amenorrhea        ,Pimpinella anisum,Anise (EN); Anice (IT);,Seeds,,decoction,,,,,"Ostermann V. La vita in Friuli. Usi, Costumi, Credenze, Pregiudizi e Superstizioni Popolari. Tipografia del Bianco Editore; Udine, Italy: 1894.",Italy
RC-01S-pimanisu-IT,To regulate menstrual cycle,Pimpinella anisum,Anise (EN); Anice (IT);,Seeds,,salad,,Add the aniseed to a fresh vegetable salad ,,,"Coronedi-Berti C. Rivista di Letteratura Popolare. Volume I. Ermanno Loescher Editore; Torino, Italy: 1877. Appunti di medicina Bolognese; pp. 1–12.",Italy
AM-01P-nerolean-IT,Amenorrhea        ,Nerium oleander,Oleander (EN); Oleandro (IT);,Leafs,,topical administration,,Hold under shoes,,,"Zanetti Z. La Medicina Delle Nostre Donne. Lapiti Tipografo Editore; Città di Castello, Italy: 1892. ",Italy
RC-01P-hedhelix-IT,To regulate menstrual cycle,Hedera helix,Common Ivy (EN); Edera (IT);,Leafs,,decoction,,,,,"Coronedi-Berti C. Rivista di Letteratura Popolare. Volume I. Ermanno Loescher Editore; Torino, Italy: 1877. Appunti di medicina Bolognese; pp. 1–12. ",Italy
AM-02P-artabrot-IT,Amenorrhea        ,Artemisia abrotanum,Southern Wormwood (EN); Abrotano (IT);,Plant (not specified),,topical administration,,Hold on the skin,,,"Ostermann V. La vita in Friuli. Usi, Costumi, Credenze, Pregiudizi e Superstizioni Popolari. Tipografia del Bianco Editore; Udine, Italy: 1894.",Italy
AM-02P-artabrot-IT,Amenorrhea        ,Cupressus sempervirens,Cypress (EN); Cipresso (IT);,Leaves,,topical administration,,Hold on the skin,,,"Ostermann V. La vita in Friuli. Usi, Costumi, Credenze, Pregiudizi e Superstizioni Popolari. Tipografia del Bianco Editore; Udine, Italy: 1894.",Italy
AM-01P-artabsin-IT,Amenorrhea        ,Artemisia absinthium,Wormwood (EN); Assenzio (IT);,Leafs,,not specified,,,,,"Ostermann V. La vita in Friuli. Usi, Costumi, Credenze, Pregiudizi e Superstizioni Popolari. Tipografia del Bianco Editore; Udine, Italy: 1894.",Italy
RC-01F-matchamo-IT,To regulate menstrual cycle,Matricaria chamomilla,Chamomile (EN); Chamomile (EN); Camomilla volgare (IT);,Flowers,,decoction,,,,,Marzano G.B. Usi e Costumi di Laureana di Borrello-Medicina Popolare. La Calabria. 1890;III:29–30.,Italy
DY-03F-matchamo-IT,Dysmenorrhea,Matricaria chamomilla,Chamomile (EN); Chamomile (EN); Camomilla volgare (IT);,Flowers,,washing,,,,,"Zanazzo G. Usi, Costumi e Pregiudizi del Popolo di Roma. Società Tipografica- Editrice Nazionale; Torino, Italy: 1908. pp. 30–60.",Italy
DY-03F-matchamo-IT,Dysmenorrhea,Papaverum rhoeas,Common poppy (EN); Papavero (IT);,Flowers,,washing,,,,,"Zanazzo G. Usi, Costumi e Pregiudizi del Popolo di Roma. Società Tipografica- Editrice Nazionale; Torino, Italy: 1908. pp. 30–60.",Italy
DY-03F-matchamo-IT,Dysmenorrhea; Amenorrhea        ,Malva sylvestris,Common mallow (EN); Malva (IT);,Leaves,,washing,,,,,"Zanazzo G. Usi, Costumi e Pregiudizi del Popolo di Roma. Società Tipografica- Editrice Nazionale; Torino, Italy: 1908. pp. 30–60; Pitrè G. Medicina Popolare Siciliana. Carlo Clausen Editore; Torino, Italy: 1896. ; Pasquarelli G. In: Medicina Magia e Classi Sociali Nella Basilicata Degli Anni Venti. Scritti di un Medico Antropologo. Bronzini G.B., editor. Congedo Editore; Galatina, Italy: 1987. ; Finamore G. Tradizioni Popolari Abruzzesi. Carlo Clausen Editore; Torino, Italy: 1894.",Italy
AM-04F-matchamo-IT,Amenorrhea        ,Matricaria chamomilla,Chamomile (EN); Chamomile (EN); Camomilla volgare (IT);,Flowers,,not specified,,"Drink it together with dried pigeon’s blood, all blessed in wine",,,"Finamore G. Tradizioni Popolari Abruzzesi. Carlo Clausen Editore; Torino, Italy: 1894.",Italy
AM-04F-matchamo-IT,Amenorrhea        ,Juniperus sabina,Savin juniper (EN); Erba sabina (IT);,Flowers,,not specified,,"Drink it together with dried pigeon’s blood, all blessed in wine",,,"Finamore G. Tradizioni Popolari Abruzzesi. Carlo Clausen Editore; Torino, Italy: 1894.",Italy
AM-04F-matchamo-IT,Amenorrhea        ,Crocus sativus,Saffron (EN); Zafferano (IT);,Flowers,,not specified,,"Drink it together with dried pigeon’s blood, all blessed in wine",,,"Finamore G. Tradizioni Popolari Abruzzesi. Carlo Clausen Editore; Torino, Italy: 1894.",Italy
AM-04F-matchamo-IT,Amenorrhea        ,Boswellia,Incense (EN); Incenso (IT);,Seeds,,not specified,,"Drink it together with dried pigeon’s blood, all blessed in wine",,,"Finamore G. Tradizioni Popolari Abruzzesi. Carlo Clausen Editore; Torino, Italy: 1894.",Italy
MT-01P-petalbus-IT,Metrorrhagia,Petasites albus Gaertn. ,White butterbur (EN); Farfaraccio bianco (IT);,Plant (not specified),,not specified,,,,,"Pedrotti G., Bertoldi V. Nomi Dialettali Delle Piante Indigene del Trentino e Della Ladinia Dolomitica. Tipografia della Casa Editrice GB Monauni; Trento, Italy: 1930. ",Italy
RC-02L-tusfarfa-IT,To regulate menstrual cycle,Tussilago farfara,Coltsfoot (EN); Farfarella (IT);,Leaves,,decoction,,,,,"Coronedi-Berti C. Rivista di Letteratura Popolare. Volume I. Ermanno Loescher Editore; Torino, Italy: 1877. Appunti di medicina Bolognese; pp. 1–12.",Italy
RC-02L-tusfarfa-IT,To regulate menstrual cycle,Hedera helix,Common Ivy (EN); Edera (IT);,Leaves,,decoction,,,,,"Coronedi-Berti C. Rivista di Letteratura Popolare. Volume I. Ermanno Loescher Editore; Torino, Italy: 1877. Appunti di medicina Bolognese; pp. 1–12.",Italy
AM-01L-boroffic-IT,Amenorrhea        ,Borago officinalis,Starflower (EN); Starflower/Borage (EN); Borragine (IT);,Leaves,,boil,,Eat leaves boiled in the wine,,,Ferraro G. Botanica Popolare in Carpeneto d’Acqui. Archivio Per Lo Studio Delle Tradizioni Popolari. 1885;IV:165–189. ,Italy
RC-02L-valoffic-IT,To regulate menstrual cycle,Valeriana officinalis,Valerian (EN); Valeriana (IT);,Leaves,,soup,,,,,"Zanetti Z. La Medicina Delle Nostre Donne. Lapiti Tipografo Editore; Città di Castello, Italy: 1892. ",Italy
RC-02L-valoffic-IT,To regulate menstrual cycle,Cicer arietinum,Red chickpea (EN); Ceci (IT);,,,soup,,,,,"Zanetti Z. La Medicina Delle Nostre Donne. Lapiti Tipografo Editore; Città di Castello, Italy: 1892. ",Italy
AM-01R-brydioic-IT,Amenorrhea        ,Bryonia dioica Jacq. ,Bryonia dioica Jacq. (EN); Brionia (IT);,Roots,,not specified,,,,,"Ostermann V. La vita in Friuli. Usi, Costumi, Credenze, Pregiudizi e Superstizioni Popolari. Tipografia del Bianco Editore; Udine, Italy: 1894.",Italy
RC-01L-cupsempe-IT,To regulate menstrual cycle,Cupressus sempervirens,Cypress (EN); Cipresso (IT);,Leaves,,topical administration,,Hold on the neck,,,"Ostermann V. La vita in Friuli. Usi, Costumi, Credenze, Pregiudizi e Superstizioni Popolari. Tipografia del Bianco Editore; Udine, Italy: 1894.",Italy
RC-02P-junsabin-IT,To regulate menstrual cycle,Juniperus sabina,Savin juniper (EN); Erba sabina (IT);,Plant (not specified),,decoction,Mix with antimony,,,,"De Nino A. Usi e Costumi Abruzzesi. Tipografia G. Barbera; Firenze, Italy: 1891. ",Italy
RC-02P-junsabin-IT,To regulate menstrual cycle,Adiantum capillus-veneris,Capelvenere (IT); Southern maidenhair fern (EN);,Leaves,,decoction,Mix with antimony,,,,"De Nino A. Usi e Costumi Abruzzesi. Tipografia G. Barbera; Firenze, Italy: 1891. ",Italy
ND-01P-acaseneg-IT,Metrorrhagia; Menorrhagia,Acacia senegal Willd.,Gum arabic tree (EN); Gomma arabica (IT);,Rubber,,not specified,Eat Arabic gum with egg whites,,,,"Pitrè G. Medicina Popolare Siciliana. Carlo Clausen Editore; Torino, Italy: 1896. ",Italy
RC-01S-phavulga-IT,To regulate menstrual cycle,Phaseolus vulgaris ,Common bean (EN); Fagiolo (IT);,Seeds,,soup,,,,,"De Nino A. Usi e Costumi Abruzzesi. Tipografia G. Barbera; Firenze, Italy: 1891. ",Italy
ND-01L-hypperfo-IT,To regulate menstrual cycle; Dysmenorrhea;       ,Hypericum perforatum,St John’s wort (EN); Erba di San Giovanni (IT);,Leaves,,decoction,,,,,"Coronedi-Berti C. Rivista di Letteratura Popolare. Volume I. Ermanno Loescher Editore; Torino, Italy: 1877. Appunti di medicina Bolognese; pp. 1–12; Sani E. Ricette Popolari e Pratiche Superstiziose in Val d’Enza. Tipografia Moderna U. Costi; Reggio Emilia, Italy: 1942;",Italy
ND-01L-jugregia-IT,Menorrhagia;,Juglans regia,Walnut (EN); Noce (IT);,Leaves,,decoction,,,,,"Lombardi-Satriani R. Credenze Popolari Calabresi. Peloritana Editrice; Messina, Italy: 1970; De Giacomo G. Il Popolo di Calabria. Patitucci Editore; Castrovillari, Italy: 1899.",Italy
ND-01P-lavangus-IT,To regulate menstrual cycle; ,Lavandula angustifolia Mill.,Lavender (EN); Lavanda (IT);,Plant (not specified),,not specified,Harvest during St. John night ,,,,"Ostermann V. La vita in Friuli. Usi, Costumi, Credenze, Pregiudizi e Superstizioni Popolari. Tipografia del Bianco Editore; Udine, Italy: 1894.",Italy
ND-01L-marvulga-IT,To regulate menstrual cycle; ,Marrubium vulgare,Common horehound (EN); Marrubbio (IT);,Leaves,,decoction,,"Drink and take a foot bath with hot water and bran early in the morning, and with hot water and cinder in the evening",,,"De Nino A. Usi e Costumi Abruzzesi. Tipografia G. Barbera; Firenze, Italy: 1891. ",Italy
AM-01P-orivulga-IT,Amenorrhea        ,Origanum vulgare,Wild marjoram (EN); Origano (IT);,Plant (not specified),,boil,,Boil in wine,,,Ferraro G. Botanica Popolare in Carpeneto d’Acqui. Archivio Per Lo Studio Delle Tradizioni Popolari. 1885; IV:165–189. ,Italy
AM-01F-vitagnus-IT,Amenorrhea        ,Vitex agnus-castus,Vitex (EN); Agnocasto (IT);,Flowers,,not specified,,Swallow powder,,,"Pagano L. Natura Economia Storia in Calabria. Orizzonti Meridionali; Cosenza, Italy: 1992. Ristampa Anastatica. Edizioni Cronaca di Calabria.",Italy
ND-01L-malsylve-IT,Amenorrhea; To regulate menstrual cycle;         ,Malva sylvestris,Common mallow (EN); Malva (IT);,Leaves,,bath,,Take a foot bath,,,"Ostermann V. La vita in Friuli. Usi, Costumi, Credenze, Pregiudizi e Superstizioni Popolari. Tipografia del Bianco Editore; Udine, Italy: 1894; Pinoli G. Archivio per lo Studio Delle Tradizioni Popolari. Volume IV. Nabu Press; Berlin, Germany: 1885. Medicina popolare nel canavese; pp. 79–84.",Italy
ND-01R-arudonax-IT,Amenorrhea; To regulate menstrual cycle;         ,Arundo donax,Giant reed (EN); Canna (IT);,Roots,,decoction,,,,,"Ostermann V. La vita in Friuli. Usi, Costumi, Credenze, Pregiudizi e Superstizioni Popolari. Tipografia del Bianco Editore; Udine, Italy: 1894.",Italy
AM-01L-cyndacty-IT,Amenorrhea        ,Cynodon dactylon,Bermuda grass (EN); Gramigna (IT);,Leaves,,decoction,,,,,"Bastanzi G. Archivio per l’Antropologia e la Etnologia. Volume XVII. Nabu Press; Berlin, Germany: 1887. Superstizioni religiose nelle provincie di Treviso e Belluno; pp. 271–310.",Italy
DY-01P-adicapil-IT,Dysmenorrhea,Adiantum capillus-veneris,Capelvenere (IT); Southern maidenhair fern (EN);,Plant (aerial part),,decoction,Collect Southern maidenhair fern where the bells are not audible,,,,"De Nino A. Usi e Costumi Abruzzesi. Tipografia G. Barbera; Firenze, Italy: 1891. ",Italy
ND-01L-dicalbus-IT,Amenorrhea; Dysmenorrhea;        ,Dictamnus albus,Burning bush (EN); Dittamo (IT);,Leaves,,decoction,,,,,"Finamore G. Tradizioni Popolari Abruzzesi. Carlo Clausen Editore; Torino, Italy: 1894.",Italy
AM-01L-rutgrave-IT,Amenorrhea        ,Ruta graveolens,Rue (EN); Ruta (IT);,Leaves,,not specified,Use powdered dried leaves,,,,"Pitrè G. Medicina Popolare Siciliana. Carlo Clausen Editore; Torino, Italy: 1896. ",Italy
SF-01L-solnigru-IT,Stop menstrual flux,Solanum nigrum,Black nightshade (EN); Morella (IT);,Leaves,,decoction,,,,,"Ostermann V. La vita in Friuli. Usi, Costumi, Credenze, Pregiudizi e Superstizioni Popolari. Tipografia del Bianco Editore; Udine, Italy: 1894.",Italy
ND-01L-urtdioic-IT,Metrorrhagia; Menorrhagia;,Urtica dioica,Common nettle (EN); Ortica (IT);,Leaves,,decoction,,,,,"Pitrè G. Medicina Popolare Siciliana. Carlo Clausen Editore; Torino, Italy: 1896. ",Italy
ND-01B-acecampe-IT,To regulate menstrual cycle; Dysmenorrhea;       ,Acer campestre,Field maple (EN); Acero (IT);,Bark,,decoction,,,,,"Barbagallo C. Meli R. Savoca F. Nicotra M., Indagine sugli usi popolari delle piante medicinali nella Sicilia centro-orientale. Boli. Ace. Gioenia 2004 Sci. Nat. 37(364): 83-157 Catania",Italy